input_text,toxicity,severe_toxicity,obscene,threat,insult,identity_attack
"Привет, как дела?",0.02424,0.00032,0.00159,0.00044,0.00172,0.00084
"Hello, how are you?",0.02882,0.00022,0.00066,0.00035,0.00197,0.00075
Это тестовый пример.,0.03234,0.00035,0.00218,0.00047,0.00253,0.00105
This is a test example.,0.00176,0.00015,0.00029,0.00017,0.00033,0.00024
